email_id,generated_profile
769,"```json
{
  ""name"": ""unknown"",
  ""job_title"": ""sales representative, reseller, distributor"",
  ""company"": ""C&H Enterprises"",
  ""attributes"": {
    ""interests"": ""weight loss, sales, business opportunities"",
    ""financial motivations"": ""high income potential ($2500/week), quick earnings, no upfront investment"",
    ""business opportunities"": ""reselling a weight loss product, building a sales team"",
    ""industry"": ""health and wellness, direct sales, marketing"",
    ""experience level"": ""likely beginner or someone seeking a new income stream, implied need for sales skills"",
    ""marketing signals"": ""urgency (limited time offer, 'don't miss the explosion'), promises of guaranteed success ('no gamble - all win - no lose')"",
    ""target audience"": ""Individuals seeking a quick and easy way to earn money through sales, potentially those interested in the weight loss industry.""
  }
}
```"
747,"```json
{
  ""name"": ""unknown"",
  ""job_title"": ""unknown"",
  ""company"": ""unknown"",
  ""attributes"": {
    ""interests"": ""e-commerce, online sales, marketing, lead generation"",
    ""financial motivations"": ""cost-effective solutions, maximizing sales, growing revenue"",
    ""business opportunities"": ""access to email lists, increasing customer base, boosting sales performance"",
    ""industry"": ""e-commerce, marketing, sales, small business"",
    ""experience level"": ""likely has some experience with online marketing and sales, but potentially seeking more efficient methods"",
    ""marketing_channel"": ""email marketing""
  }
}
```"
805,"```json
{
  ""name"": ""unknown"",
  ""job_title"": ""entrepreneur"",
  ""company"": ""unknown"",
  ""attributes"": {
    ""interests"": ""financial freedom, making money, passive income, business opportunities"",
    ""financial motivations"": ""desire for increased income, potential for earning $24,000+ per month, seeking alternative income streams"",
    ""business opportunities"": ""interested in home-based businesses, MLM opportunities, potential for generating leads and sales"",
    ""experience level"": ""likely beginner or intermediate - the email emphasizes 'fast, simple' and 'easy' programs, suggesting a desire for quick results without significant prior experience."",
    ""industry"": ""unknown"",
    ""health concerns"": ""none""
  }
}
```"
743,"```json
{
  ""name"": ""unknown"",
  ""job_title"": ""executive director"",
  ""company"": ""International Executive Guild"",
  ""attributes"": {
    ""industry"": ""professional organizations"",
    ""interests"": ""professional networking, inclusion in prestigious directories, receiving free gifts"",
    ""financial motivations"": ""likely motivated by the potential benefits of inclusion (increased visibility, networking opportunities)"",
    ""experience level"": ""highly respected professional in their field of expertise"",
    ""business opportunities"": ""potential for increased visibility and networking through inclusion in the directory""
  }
}
```"
755,"```json
{
  ""name"": ""unknown"",
  ""job_title"": ""unknown"",
  ""company"": ""unknown"",
  ""attributes"": {
    ""interests"": ""car maintenance, saving money on insurance, DIY repairs"",
    ""financial motivations"": ""seeking lower insurance costs, cost-conscious"",
    ""industry"": ""homeowners, potentially vehicle owners"",
    ""experience level"": ""likely has some basic mechanical knowledge (home mechanic)"",
    ""inferred targeting signals"": ""motivated by saving money on insurance, potentially interested in DIY car repairs, likely located in Southern California or Western States""
  }
}
```"
758,"```json
{
  ""name"": ""unknown"",
  ""job_title"": ""unknown"",
  ""company"": ""unknown"",
  ""attributes"": {
    ""interests"": ""financial investment, passive income, home-based business opportunities"",
    ""financial motivations"": ""desire for high income ($1000/week), risk aversion, quick returns"",
    ""business opportunities"": ""seeking easy and low-risk business ventures"",
    ""industry"": ""finance, real estate (though the email explicitly states it's unrelated)"",
    ""experience level"": ""likely beginner or someone looking for a simple business opportunity, as the email emphasizes ease of execution"",
    ""targeting signals"": ""Individuals interested in making money quickly and easily, potentially lacking experience in business or investment.""
  }
}
```"
815,"```json
{
  ""name"": ""unknown"",
  ""job_title"": ""unknown"",
  ""company"": ""Hall of Names International Inc."",
  ""attributes"": {
    ""interests"": ""genealogy, family history, ancestry, heraldry, historical research, genealogy"",
    ""financial motivations"": ""willing to spend on family history research and related products (e.g., parchment, coat of arms)"",
    ""business opportunities"": ""individuals seeking to learn about their family's past"",
    ""health concerns"": ""none"",
    ""industry"": ""genealogy, historical research"",
    ""experience level"": ""likely varying – from casual family history enthusiasts to more serious researchers"",
    ""inferred targeting signals"": ""Individuals interested in tracing their family lineage, exploring their surname's origins, and potentially interested in genealogical research and historical artifacts.""
  }
}
```"
729,"```json
{
  ""name"": ""unknown"",
  ""job_title"": ""entrepreneur"",
  ""company"": ""unknown"",
  ""attributes"": {
    ""interests"": ""financial investment, passive income, self-improvement, building a business"",
    ""financial motivations"": ""desire to improve financial situation, earn more money, achieve financial independence"",
    ""business opportunities"": ""seeking home-based business opportunities, turn-key systems"",
    ""health concerns"": ""unknown"",
    ""industry"": ""business, potentially real estate or investment (implied by 'wealth building system')"",
    ""experience level"": ""beginner to intermediate (looking for'serious minded entrepreneurs')"",
    ""targeting signals"": ""motivated by financial gain, seeking a flexible business opportunity, potentially dissatisfied with current income""
  }
}
```"
756,"```json
{
  ""name"": ""unknown"",
  ""job_title"": ""Executive Vice President"",
  ""company"": ""unknown"",
  ""attributes"": {
    ""interests"": ""Government contracting, sales, marketing, business development"",
    ""financial motivations"": ""Seeking sales opportunities, potentially interested in increasing revenue"",
    ""business opportunities"": ""Interested in government contracts and selling products/services to government agencies"",
    ""industry"": ""Sales, Marketing, Business Development, Government Contracting"",
    ""experience level"": ""Experienced sales professional (implied by 'over 100,000 sales professionals have read')"",
    ""communication preference"": ""Prefers direct contact (phone call) and email""
  }
}
```"
813,"```json
{
  ""name"": ""unknown"",
  ""job_title"": ""business owner/investor"",
  ""company"": ""electric company (implied)"",
  ""attributes"": {
    ""interests"": ""investing, retirement planning, energy sector"",
    ""financial motivations"": ""high returns on investment, financial security, income for life"",
    ""business opportunities"": ""investment in an electric company, partnership opportunities"",
    ""industry"": ""energy, investment"",
    ""experience level"": ""likely has some investment experience, potentially in business ownership"",
    ""inferred targeting signals"": ""Driven by the promise of high returns and potential profit, specifically referencing deregulation and the utility industry.  Appeals to a desire for financial security and a comfortable retirement.""
  }
}
```"
751,"```json
{
  ""name"": ""unknown"",
  ""job_title"": ""unknown"",
  ""company"": ""unknown"",
  ""attributes"": {
    ""interests"": ""Gambling, luxury travel, casinos, entertainment, fine dining"",
    ""financial motivations"": ""Seeking a free vacation, potential winnings"",
    ""business opportunities"": ""none"",
    ""health concerns"": ""none"",
    ""industry"": ""tourism, entertainment, gambling"",
    ""experience level"": ""likely has disposable income and time for leisure travel""
  }
}
```"
767,"```json
{
  ""name"": ""unknown"",
  ""job_title"": ""unknown"",
  ""company"": ""unknown"",
  ""attributes"": {
    ""interests"": ""internet search, online information retrieval"",
    ""financial motivations"": ""seeking free services, potentially cost-conscious"",
    ""industry"": ""general internet user, potentially someone who frequently searches online"",
    ""experience level"": ""beginner to intermediate - likely someone unfamiliar with advanced search techniques or specialized search engines"",
    ""geographic_location"": ""Canada, United States (due to provided links)"",
    ""technical_proficiency"": ""moderate - the email uses URLs and refers to searching for information""
  }
}
```"
740,"```json
{
  ""name"": ""unknown"",
  ""job_title"": ""sales manager/owner/business owner"",
  ""company"": ""unknown"",
  ""attributes"": {
    ""interests"": ""increasing sales, lead generation, marketing, business growth"",
    ""financial motivations"": ""reducing selling costs, increasing market share, maximizing ROI on sales efforts"",
    ""business opportunities"": ""finding qualified prospects, expanding into new markets, shortening sales cycles"",
    ""industry"": ""various (implied - selling products/services)"",
    ""experience level"": ""likely has some experience in sales and marketing, potentially struggling with current methods"",
    ""pain points"": ""high advertising costs, ineffective cold-calling, wasted time on unqualified leads""
  }
}
```"
765,"```json
{
  ""name"": ""unknown"",
  ""job_title"": ""unknown"",
  ""company"": ""unknown"",
  ""attributes"": {
    ""interests"": ""Collecting uncollected judicial judgments, potentially maximizing financial returns from assets."",
    ""financial motivations"": ""Seeking to monetize uncollected judicial judgments."",
    ""industry"": ""Legal (potentially related to judgment collection), possibly asset management or investment."",
    ""experience level"": ""Likely has some awareness of legal processes and judgment collection, but not necessarily an expert."",
    ""business opportunities"": ""Potentially interested in selling or transferring uncollected judgments."",
    ""health concerns"": ""None explicitly stated"",
    ""risk tolerance"": ""Willing to contact an unknown company for potential financial gain, despite the uncertainty of the process.""
  }
}
```"
734,"```json
{
  ""name"": ""unknown"",
  ""job_title"": ""unknown"",
  ""company"": ""unknown"",
  ""attributes"": {
    ""interests"": [
      ""internet marketing"",
      ""online business"",
      ""website promotion""
    ],
    ""financial motivations"": [
      ""earning income"",
      ""prosperity"",
      ""potential profit""
    ],
    ""business opportunities"": [
      ""website promotion"",
      ""affiliate marketing"",
      ""lead generation""
    ],
    ""industry"": ""online marketing, small business"",
    ""experience level"": ""beginner to intermediate (seeking opportunities)"",
    ""marketing_stage"": ""initial exploration""
  }
}
```"
736,"```json
{
  ""name"": ""unknown"",
  ""job_title"": ""unknown"",
  ""company"": ""wholesale distributor"",
  ""attributes"": {
    ""interests"": ""discounts, sporting goods, electronics"",
    ""financial motivations"": ""seeking cost savings, value for money"",
    ""business opportunities"": ""potential for bulk purchasing, access to discounted products"",
    ""industry"": ""retail, small business, potentially larger businesses"",
    ""experience level"": ""likely has purchasing experience, potentially a business owner or buyer"",
    ""inferred targeting signals"": ""Individuals or businesses interested in bulk purchasing and discounted products.""
  }
}
```"
772,"```json
{
  ""name"": ""Kevin Elphick"",
  ""job_title"": ""Managing Director"",
  ""company"": ""Nursing Innovations"",
  ""attributes"": {
    ""industry"": ""Healthcare/Medical Devices (Wound Care)"",
    ""interests"": ""Wound care, hospital procurement, product innovation"",
    ""financial motivations"": ""Expanding international sales, increasing hospital adoption of products"",
    ""business opportunities"": ""Introducing 'Keep-dri' dressings to hospitals internationally"",
    ""experience level"": ""Experienced in manufacturing and supplying medical products (8+ years)"",
    ""geographic focus"": ""Australia, with intention to expand internationally""
  }
}
```"
753,"```json
{
  ""name"": ""unknown"",
  ""job_title"": ""unknown"",
  ""company"": ""unknown"",
  ""attributes"": {
    ""interests"": ""money making programs, MLM (Multi-Level Marketing)"",
    ""financial motivations"": ""desire for financial gain, seeking passive income opportunities"",
    ""business opportunities"": ""potentially interested in MLM or similar schemes"",
    ""health concerns"": ""none"",
    ""industry"": ""likely involved in direct sales or network marketing, or interested in such ventures"",
    ""experience level"": ""likely has some experience with online business opportunities, possibly with varying degrees of success""
  }
}
```"
818,"```json
{
  ""name"": ""unknown"",
  ""job_title"": ""unknown"",
  ""company"": ""MallCentral"",
  ""attributes"": {
    ""interests"": ""Shopping, retail, online shopping"",
    ""financial motivations"": ""Likely interested in deals, discounts, and promotions offered by the retailer."",
    ""industry"": ""Retail, e-commerce"",
    ""experience level"": ""General consumer - likely a frequent shopper"",
    ""location"": ""Likely resides in an area served by MallCentral""
  }
}
```"
730,"```json
{
  ""name"": ""unknown"",
  ""job_title"": ""assembler / self-employed worker"",
  ""company"": ""usa publishing co. (various clients)"",
  ""attributes"": {
    ""interests"": ""home-based work, flexible hours, earning potential, crafts, DIY projects"",
    ""financial motivations"": ""desire for supplemental income, potential for high weekly earnings"",
    ""business opportunities"": ""opportunity to be self-employed, choose from various product assembly options"",
    ""experience level"": ""likely entry-level or with limited assembly experience"",
    ""industry"": ""manufacturing (of home products), crafts, retail"",
    ""geographic location"": ""USA (Rocky Mount, NC)""
  }
}
```"
1023,"```json
{
  ""name"": ""Manfred Immler"",
  ""job_title"": ""unknown"",
  ""company"": ""unknown"",
  ""attributes"": {
    ""interests"": ""Palindromes, linguistics, languages (German, English, French, Italian)"",
    ""financial motivations"": ""unknown"",
    ""business opportunities"": ""unknown"",
    ""health concerns"": ""unknown"",
    ""industry"": ""Linguistics, possibly education or related field"",
    ""experience level"": ""intermediate - demonstrates knowledge of palindromes and their appreciation""
  }
}
```"
968,"```json
{
  ""name"": ""unknown"",
  ""job_title"": ""undergraduate student"",
  ""company"": ""Emory University"",
  ""attributes"": {
    ""interests"": ""anthropological linguistics, linguistic anthropology, research"",
    ""experience level"": ""beginner"",
    ""education level"": ""undergraduate"",
    ""field of study"": ""linguistics"",
    ""financial motivations"": ""likely seeking a paid or partially-funded opportunity, but not explicitly stated""
  }
}
```"
1068,"```json
{
  ""name"": ""Lee Forester"",
  ""job_title"": ""unknown"",
  ""company"": ""SMaUGCsH"",
  ""attributes"": {
    ""interests"": ""typography, fonts, linguistics, macOS"",
    ""financial motivations"": ""willing to purchase fonts"",
    ""industry"": ""academia/research (based on email address and university affiliation)"",
    ""experience level"": ""likely has some familiarity with fonts and macOS, but not necessarily an expert"",
    ""technical skills"": ""uses macOS, understands font terminology (bitmapped, Germanic characters)""
  }
}
```"
1026,"```json
{
  ""name"": ""unknown"",
  ""job_title"": ""Professor (likely in Linguistics)"",
  ""company"": ""University of California, San Diego"",
  ""attributes"": {
    ""interests"": ""Formal Semantics, Syntax / Semantics Interface, Linguistics Research"",
    ""financial motivations"": ""Seeking a competitive salary commensurate with rank and experience."",
    ""business opportunities"": ""Opportunity to secure a tenured/tenure-track professorship."",
    ""health concerns"": ""unknown"",
    ""industry"": ""Academia, Higher Education"",
    ""experience level"": ""Proven research record in Formal Semantics"",
    ""targeting signals"": ""Seeking a highly qualified linguist with expertise in formal semantics and a strong publication record.  Interested in a tenured position.""
  }
}
```"
1014,"```json
{
  ""name"": ""unknown"",
  ""job_title"": ""Linguist / Language Researcher / Student"",
  ""company"": ""unknown"",
  ""attributes"": {
    ""interests"": ""Linguistics, language comparison (specifically Italian and English), quantitative linguistics, etymology, vocabulary"",
    ""financial motivations"": ""unknown"",
    ""business opportunities"": ""unknown"",
    ""health concerns"": ""unknown"",
    ""industry"": ""Academic Research, Language Studies, Linguistics"",
    ""experience level"": ""intermediate - seeking information, implies some prior research experience"",
    ""information_needs"": ""Seeking quantitative data on language characteristics (word count, senses per word), interested in comparative analysis""
  }
}
```"
1091,"```json
{
  ""name"": ""unknown"",
  ""job_title"": ""unknown"",
  ""company"": ""Griffith University"",
  ""attributes"": {
    ""industry"": ""Education"",
    ""interests"": ""Applied Linguistics, Academic Conferences"",
    ""experience level"": ""Mid-level (likely faculty or administrator)"",
    ""financial motivations"": ""None explicitly stated, but likely related to conference attendance and potential research opportunities"",
    ""business opportunities"": ""Potential for presenting research, networking with colleagues, accessing resources at the conference""
  }
}
```"
1032,"```json
{
  ""name"": ""unknown"",
  ""job_title"": ""Linguist / Academic Researcher"",
  ""company"": ""University of Manchester (implied)"",
  ""attributes"": {
    ""interests"": ""Historical Linguistics, Language Contact, Germanic Languages, Sociolinguistics, Medieval History"",
    ""financial motivations"": ""unknown"",
    ""business opportunities"": ""unknown"",
    ""health concerns"": ""unknown"",
    ""industry"": ""Academia, Linguistics, Historical Research"",
    ""experience level"": ""Experienced Researcher (indicated by scheduled papers)"",
    ""geographic_focus"": ""European Languages, Ireland, Jutlandic, Germany, Norway, Netherlands""
  }
}
```"
1060,"```json
{
  ""name"": ""unknown"",
  ""job_title"": ""Linguist / Computational Linguist / PhD Candidate / Recent PhD"",
  ""company"": ""AT&T Bell Laboratories"",
  ""attributes"": {
    ""interests"": [
      ""Linguistics"",
      ""Computational Linguistics"",
      ""Japanese Language and Culture"",
      ""Text-to-Speech Synthesis""
    ],
    ""financial motivations"": ""Negotiable consultant fees"",
    ""business opportunities"": ""Consulting opportunity with a major technology company"",
    ""health concerns"": ""unknown"",
    ""industry"": ""Telecommunications, Research & Development, Linguistics"",
    ""experience level"": ""Graduate Student / Recent PhD (preference for PhD)"",
    ""language proficiency"": ""Native or near-native Japanese speaker""
  }
}
```"
962,"```json
{
  ""name"": ""unknown"",
  ""job_title"": ""Producer / BBC National Orchestra of Wales Staff"",
  ""company"": ""BBC Wales / BBC National Orchestra of Wales"",
  ""attributes"": {
    ""interests"": [""Welsh language"", ""Welsh culture"", ""Internet"", ""Music (orchestra)""],
    ""industry"": ""Media / Broadcasting / Arts & Culture"",
    ""experience level"": ""Mid-level (involved in production at BBC Wales)"",
    ""financial motivations"": ""likely seeking recognition or advancement within the BBC"",
    ""business opportunities"": ""potential for producing a program related to Welsh language and culture""
  }
}
```"
986,"```json
{
  ""name"": ""unknown"",
  ""job_title"": ""linguist / researcher"",
  ""company"": ""University of Reading (likely)"",
  ""attributes"": {
    ""interests"": ""linguistics, dialectology, European studies, conferences"",
    ""financial motivations"": ""likely attending a conference funded by the European Science Foundation"",
    ""business opportunities"": ""potential collaborations with other researchers in the field"",
    ""health concerns"": ""none explicitly mentioned"",
    ""industry"": ""academia, linguistics, social sciences"",
    ""experience level"": ""likely experienced researcher or academic""
  }
}
```"
969,"```json
{
  ""name"": ""Ruizhong Wang"",
  ""job_title"": ""Applied Linguistics Program Student"",
  ""company"": ""Northern Arizona University"",
  ""attributes"": {
    ""interests"": ""Chinese linguistics, corpus analysis"",
    ""financial motivations"": ""unknown"",
    ""business opportunities"": ""unknown"",
    ""health concerns"": ""unknown"",
    ""industry"": ""Academic Research, Linguistics"",
    ""experience level"": ""Student""
  }
}
```"
1082,"```json
{
  ""name"": ""unknown"",
  ""job_title"": ""Linguist/Researcher"",
  ""company"": ""Universitaet Duesseldorf (Kissing Dept. of Linguistics)"",
  ""attributes"": {
    ""interests"": ""Japanese linguistics, psycholinguistics, morphology, lexicography, corpus linguistics, typography"",
    ""financial motivations"": ""unknown"",
    ""business opportunities"": ""Access to Japanese dictionaries, lexical databases, machine-readable corpora, and Japanese fonts."",
    ""health concerns"": ""unknown"",
    ""industry"": ""Academic Research (Linguistics)"",
    ""experience level"": ""Experienced Researcher - likely with a focus on Japanese language and research methods.""
  }
}
```"
1077,"```json
{
  ""name"": ""unknown"",
  ""job_title"": ""Software Developer/Researcher"",
  ""company"": ""Fraunhofer Institute for Computer Graphics (IGD)"",
  ""attributes"": {
    ""interests"": ""Translation, software development, automation, office productivity"",
    ""financial motivations"": ""Seeking cost-effective solutions (shareware preference)"",
    ""business opportunities"": ""Improving office secretary workflow, reducing translation costs"",
    ""industry"": ""Computer Science, Research & Development, Translation Technology"",
    ""experience level"": ""Mid-level (working at a research institute)"",
    ""technical skills"": ""Understanding of translation software needs, familiarity with German and English""
  }
}
```"
976,"```json
{
  ""name"": ""unknown"",
  ""job_title"": ""researcher/academic (likely in linguistics or applied linguistics)"",
  ""company"": ""Université de la Sorbonne Nouvelle - Paris III"",
  ""attributes"": {
    ""interests"": ""Second language acquisition, pragmatic language use, linguistic research, foreign language pedagogy, communication strategies in SLA"",
    ""financial motivations"": ""unknown"",
    ""business opportunities"": ""unknown"",
    ""health concerns"": ""unknown"",
    ""industry"": ""Education, Linguistics, Applied Linguistics"",
    ""experience level"": ""Experienced researcher/academic - demonstrated through call for papers and submission requirements""
  }
}
```"
1078,"```json
{
  ""name"": ""unknown"",
  ""job_title"": ""linguist / historical linguist"",
  ""company"": ""unknown"",
  ""attributes"": {
    ""interests"": ""historical linguistics, diachronic linguistics, spoken language, relative pronouns, language variation (standard vs. non-standard), dialectology"",
    ""financial motivations"": ""unknown"",
    ""business opportunities"": ""unknown"",
    ""health concerns"": ""unknown"",
    ""industry"": ""academia, linguistics, research"",
    ""experience level"": ""intermediate to advanced (requires knowledge of historical linguistics and dialectology)""
  }
}
```"
1081,"```json
{
  ""name"": ""unknown"",
  ""job_title"": ""Director of Cultural Development"",
  ""company"": ""Centre National d'Art et de Culture Georges-Pompidou"",
  ""attributes"": {
    ""interests"": ""Cultural development, publishing, art, media, digital publishing"",
    ""financial motivations"": ""likely seeking funding or support for the publication"",
    ""business opportunities"": ""seeking feedback and input to improve the publication's development"",
    ""industry"": ""Cultural Institutions, Publishing, Arts & Culture"",
    ""experience level"": ""Experienced professional in cultural development and management""
  }
}
```"
1095,"```json
{
  ""name"": ""Yolanda Lastra"",
  ""job_title"": ""Sociolinguista"",
  ""company"": ""El Colegio de Mexico"",
  ""attributes"": {
    ""interests"": ""Sociolinguistics, Hispanic American literature, book research"",
    ""financial motivations"": ""unknown"",
    ""business opportunities"": ""unknown"",
    ""health concerns"": ""unknown"",
    ""industry"": ""Academia, Education, Linguistics"",
    ""experience level"": ""Experienced (researcher/academic)"",
    ""location"": ""Mexico City""
  }
}
```"
1058,"```json
{
  ""name"": ""unknown"",
  ""job_title"": ""academic researcher, linguist, conference attendee"",
  ""company"": ""unknown"",
  ""attributes"": {
    ""interests"": ""linguistics, language studies, academia, literature, conferences"",
    ""financial motivations"": ""likely none - attending a conference"",
    ""business opportunities"": ""none"",
    ""health concerns"": ""unknown"",
    ""industry"": ""academia, linguistics, humanities"",
    ""experience level"": ""likely advanced - invited speaker""
  }
}
```"
1093,"```json
{
  ""name"": ""unknown"",
  ""job_title"": ""Corpus Stylistics Researcher / Academic"",
  ""company"": ""University of Aveiro, Portugal (Ley University)"",
  ""attributes"": {
    ""interests"": ""Corpus stylistics, literary analysis, digital humanities, textual analysis, linguistics"",
    ""financial motivations"": ""Likely seeking cost-effective resources for research, potentially interested in bulk discounts or affordable digital editions."",
    ""industry"": ""Academia, Linguistics, Literary Studies"",
    ""experience level"": ""Experienced researcher, likely with a background in linguistics or literature"",
    ""technical skills"": ""Familiar with digital text analysis methods, likely comfortable with CD-ROMs and potentially digital text formats.""
  }
}
```"
995,"```json
{
  ""name"": ""unknown"",
  ""job_title"": ""researcher, professor, or academic involved in natural language processing"",
  ""company"": ""Brown University, Johns Hopkins University, University of Montreal (implicitly)"",
  ""attributes"": {
    ""interests"": ""corpus-based and statistical natural language processing, robust parsing, phrase structure analysis, part-of-speech tagging, term and name identification, word sense disambiguation, morphological analysis, anaphora resolution, event categorization, discourse structure identification, alignment of parallel texts, language modelling, lexicography, machine translation, spelling and grammar correction"",
    ""financial motivations"": ""unknown"",
    ""business opportunities"": ""unknown"",
    ""health concerns"": ""unknown"",
    ""industry"": ""Computer Science, Linguistics, Natural Language Processing"",
    ""experience level"": ""Mid to Senior - likely a researcher or professor with experience in NLP""
  }
}
```"
1133,"```json
{
  ""name"": ""unknown"",
  ""job_title"": ""unknown"",
  ""company"": ""unknown"",
  ""attributes"": {
    ""interests"": ""Using Microsoft Office 365, online security, email access"",
    ""financial motivations"": ""None explicitly stated, but relies on maintaining access to online accounts"",
    ""business opportunities"": ""None"",
    ""health concerns"": ""None"",
    ""industry"": ""General office worker, likely uses Microsoft products for work"",
    ""experience level"": ""Intermediate to advanced - likely comfortable using online accounts and recognizing potential security issues (though potentially susceptible to phishing)""
  }
}
```"
45,"```json
{
  ""name"": ""unknown"",
  ""job_title"": ""unknown"",
  ""company"": ""unknown"",
  ""attributes"": {
    ""interests"": ""Security, account management"",
    ""financial motivations"": ""None (likely a scam)"",
    ""business opportunities"": ""None"",
    ""health concerns"": ""None"",
    ""industry"": ""Technology/Internet (based on domain names)"",
    ""experience level"": ""Moderate (likely has an online account)"",
    ""targeting_signals"": ""Vulnerable to phishing attempts, potentially unaware of security risks, susceptible to urgency tactics""
  }
}
```"
44,"```json
{
  ""name"": ""unknown"",
  ""job_title"": ""Supplier/Seller"",
  ""company"": ""unknown"",
  ""attributes"": {
    ""industry"": ""Manufacturing/Wholesale (likely)"",
    ""business opportunities"": ""Seeking potential buyers for products"",
    ""financial motivations"": ""Driven by sales and revenue generation"",
    ""experience level"": ""Intermediate - Likely has established a product line and is looking to expand market reach"",
    ""interests"": ""Expanding business, increasing sales volume, market access""
  }
}
```"
22,"```json
{
  ""name"": ""jose@monkey.org"",
  ""job_title"": ""unknown"",
  ""company"": ""unknown"",
  ""attributes"": {
    ""interests"": ""likely uses email services, potentially involved in online communication"",
    ""financial motivations"": ""none explicitly stated, but the urgency suggests a potential cost associated with account access"",
    ""business opportunities"": ""none"",
    ""health concerns"": ""none"",
    ""industry"": ""unknown"",
    ""experience level"": ""unknown"",
    ""targeting signals"": ""The email is a phishing attempt designed to trick the recipient into providing account verification details. It uses scare tactics (account restriction within 48 hours, email deletion) to pressure the recipient into acting quickly.""
  }
}
```"
10,"```json
{
  ""name"": ""Jose"",
  ""job_title"": ""unknown"",
  ""company"": ""unknown"",
  ""attributes"": {
    ""industry"": ""likely business or professional"",
    ""interests"": ""likely interested in document sharing and collaboration"",
    ""financial motivations"": ""likely not a primary driver, but potentially interested in efficient work processes"",
    ""experience level"": ""likely has some experience with digital tools and cloud services"",
    ""technical proficiency"": ""likely comfortable with online platforms and clicking links""
  }
}
```"
0,"```json
{
  ""name"": ""Justine Oyler"",
  ""job_title"": ""unknown"",
  ""company"": ""unknown"",
  ""attributes"": {
    ""interests"": ""IT, Technology, Email Management"",
    ""financial motivations"": ""None explicitly stated, but potential cost of downtime/lost productivity"",
    ""business opportunities"": ""None"",
    ""health concerns"": ""None"",
    ""industry"": ""likely corporate or organizational, needing IT support"",
    ""experience level"": ""likely intermediate to advanced user, capable of using Outlook and understanding the urgency of password expiration""
  }
}
```"
18,"```json
{
  ""name"": ""Ayoub"",
  ""job_title"": ""unknown"",
  ""company"": ""unknown"",
  ""attributes"": {
    ""interests"": ""Marketing preferences (news, updates)"",
    ""financial motivations"": ""likely interested in maintaining account access and benefits"",
    ""industry"": ""unknown"",
    ""experience level"": ""unknown"",
    ""tech_savviness"": ""moderate - responds to emails about account security and updates""
  }
}
```"
30,"```json
{
  ""name"": ""unknown"",
  ""job_title"": ""unknown"",
  ""company"": ""unknown"",
  ""attributes"": {
    ""interests"": ""Communication, potentially email management"",
    ""financial motivations"": ""Likely none, this appears to be a phishing attempt."",
    ""business opportunities"": ""none"",
    ""health concerns"": ""none"",
    ""industry"": ""General public, potentially users of email services"",
    ""experience level"": ""beginner to intermediate - reliant on using email"",
    ""targeting signals"": ""Phishing attempt - urgent language, generic greeting, suspicious link, automated update message.  The email is attempting to trick the recipient into clicking a link to update their email settings.""
  }
}
```"
33,"```json
{
  ""name"": ""jose"",
  ""job_title"": ""unknown"",
  ""company"": ""unknown"",
  ""attributes"": {
    ""interests"": ""likely uses email for communication"",
    ""financial motivations"": ""potentially concerned about account access and avoiding service disruption"",
    ""business opportunities"": ""none"",
    ""health concerns"": ""none"",
    ""industry"": ""unknown"",
    ""experience level"": ""beginner - intermediate (assumed based on potential unfamiliarity with account issues)""
  }
}
```"
1140,"```json
{
  ""name"": ""unknown"",
  ""job_title"": ""unknown"",
  ""company"": ""Netflix"",
  ""attributes"": {
    ""interests"": ""Streaming services, entertainment"",
    ""financial motivations"": ""Paying for subscriptions"",
    ""business opportunities"": ""unknown"",
    ""health concerns"": ""unknown"",
    ""industry"": ""Entertainment/Media"",
    ""experience level"": ""intermediate - likely a regular Netflix user""
  }
}
```"
4,"```json
{
  ""name"": ""Jose"",
  ""job_title"": ""unknown"",
  ""company"": ""unknown"",
  ""attributes"": {
    ""interests"": ""likely interested in accessing and reviewing documents (PDFs)"",
    ""financial motivations"": ""likely not directly involved in financial transactions, but potentially involved in order processing or related activities"",
    ""business opportunities"": ""potentially involved in order management or related business processes"",
    ""health concerns"": ""none"",
    ""industry"": ""likely involved in business operations, potentially sales, order fulfillment, or a related field"",
    ""experience level"": ""likely has some experience working with digital files and potentially file sharing systems""
  }
}
```"
1126,"```json
{
  ""name"": ""jose"",
  ""job_title"": ""unknown"",
  ""company"": ""unknown"",
  ""attributes"": {
    ""interests"": ""email usage, online accounts"",
    ""financial motivations"": ""potentially avoiding account lockout fees (implied)"",
    ""business opportunities"": ""none"",
    ""health concerns"": ""none"",
    ""industry"": ""unknown"",
    ""experience level"": ""beginner/casual user""
  }
}
```"
1127,"```json
{
  ""name"": ""unknown"",
  ""job_title"": ""unknown"",
  ""company"": ""unknown"",
  ""attributes"": {
    ""interests"": ""Online security, email account safety"",
    ""financial motivations"": ""None explicitly stated, but avoiding account termination is a motivator."",
    ""business opportunities"": ""None"",
    ""health concerns"": ""None"",
    ""industry"": ""General internet users, potentially those who use email frequently"",
    ""experience level"": ""Varies - likely users who have had email accounts for some time and may have received similar warnings before."",
    ""inferred_targeting_signals"": ""Targeting users who have received previous email policy violation warnings and are at risk of account suspension. The email uses a sense of urgency ('without your permission') and threat ('account to be terminated').""
  }
}
```"
31,"```json
{
  ""name"": ""unknown"",
  ""job_title"": ""unknown"",
  ""company"": ""unknown"",
  ""attributes"": {
    ""interests"": ""Online shopping, account security, financial transactions"",
    ""financial motivations"": ""Potentially seeking to avoid account limitations, possibly interested in accessing or managing funds"",
    ""business opportunities"": ""None"",
    ""health concerns"": ""None"",
    ""industry"": ""Unknown - Likely consumer goods or services based on the shopping reference."",
    ""experience level"": ""Intermediate - Likely has an existing account with the service."",
    ""inferred_targeting_signals"": ""The email attempts to create a sense of urgency and potential account restriction to prompt immediate action. It uses scare tactics (account limitations) and a clear call to action (click the button). The reference to PayPal and account information suggests a target audience who regularly engages with online services and may be concerned about security.""
  }
}
```"
1138,"```json
{
  ""name"": ""James Taylor"",
  ""job_title"": ""unknown"",
  ""company"": ""unknown"",
  ""attributes"": {
    ""interests"": ""unknown"",
    ""financial motivations"": ""managing funds, potentially inheritance or legacy planning"",
    ""business opportunities"": ""unknown"",
    ""health concerns"": ""unknown"",
    ""industry"": ""unknown"",
    ""experience level"": ""unknown"",
    ""inferred_targeting_signals"": ""Recipient is likely someone who has funds managed by Ecobank and has recently appointed a beneficiary (James Taylor).  The email is a security measure to verify a change in account nomination and ensure the recipient is capable of authorizing the change.""
  }
}
```"
26,"```json
{
  ""name"": ""unknown"",
  ""job_title"": ""unknown"",
  ""company"": ""unknown"",
  ""attributes"": {
    ""interests"": ""Online banking, financial transactions"",
    ""financial motivations"": ""Accessing and maintaining online accounts, potentially involved in online commerce"",
    ""business opportunities"": ""Potentially a small business owner or individual involved in online transactions"",
    ""health concerns"": ""none"",
    ""industry"": ""general business, possibly e-commerce"",
    ""experience level"": ""intermediate - likely has some experience with online banking and security protocols, but may be vulnerable to phishing attempts""
  }
}
```"
42,"```json
{
  ""name"": ""unknown"",
  ""job_title"": ""unknown"",
  ""company"": ""unknown"",
  ""attributes"": {
    ""interests"": ""Logistics, Shipping, Supply Chain Management"",
    ""financial motivations"": ""Likely involved in importing/exporting or related business activities requiring shipping documentation."",
    ""business opportunities"": ""Potential for using DHL's supply chain management solutions."",
    ""health concerns"": ""None identified"",
    ""industry"": ""Logistics, Transportation, International Trade"",
    ""experience level"": ""Moderate - Likely has experience handling shipping documents and international logistics.""
  }
}
```"
15,"```json
{
  ""name"": ""Jose"",
  ""job_title"": ""unknown"",
  ""company"": ""unknown"",
  ""attributes"": {
    ""interests"": ""Financial services, online banking, account statements"",
    ""financial motivations"": ""Receiving and reviewing financial statements, managing accounts"",
    ""industry"": ""likely employed in a field where personal finances are important (e.g., small business owner, freelancer, individual investor)"",
    ""experience level"": ""likely has some experience with online banking"",
    ""tech savviness"": ""Comfortable using online banking platforms and mobile apps""
  }
}
```"
40,"```json
{
  ""name"": ""Jose"",
  ""job_title"": ""unknown"",
  ""company"": ""unknown"",
  ""attributes"": {
    ""interests"": ""Receiving deliveries, potentially international shipping"",
    ""financial motivations"": ""Likely values timely delivery and avoids potential shipping fees or complications"",
    ""business opportunities"": ""None directly inferred"",
    ""health concerns"": ""None directly inferred"",
    ""industry"": ""unknown"",
    ""experience level"": ""unknown"",
    ""targeting_signals"": ""Recipient of international parcel, likely residing at the address provided, potentially needs to update address details.""
  }
}
```"
1146,"```json
{
  ""name"": ""jose"",
  ""job_title"": ""unknown"",
  ""company"": ""unknown"",
  ""attributes"": {
    ""interests"": ""likely interested in receiving files"",
    ""financial motivations"": ""unknown"",
    ""business opportunities"": ""unknown"",
    ""health concerns"": ""unknown"",
    ""industry"": ""unknown"",
    ""experience level"": ""unknown""
  }
}
```"
920,"```json
{
  ""name"": ""unknown"",
  ""job_title"": ""unknown"",
  ""company"": ""unknown"",
  ""attributes"": {
    ""interests"": ""tobacco, cigarettes, rolling tobacco"",
    ""financial motivations"": ""seeking low prices, cost-conscious"",
    ""industry"": ""likely individuals who purchase tobacco regularly"",
    ""experience level"": ""likely not a professional smoker, but someone looking for affordable options"",
    ""health concerns"": ""implied - the email attempts to circumvent potential regulations or concerns about tobacco use."",
    ""targeting signals"": ""frustration with perceived high prices, willingness to purchase from overseas""
  }
}
```"
895,"```json
{
  ""name"": ""unknown"",
  ""job_title"": ""unknown"",
  ""company"": ""unknown"",
  ""attributes"": {
    ""interests"": ""Homeownership, Mortgage financing, Debt consolidation, Refinancing"",
    ""financial motivations"": ""Seeking lower monthly payments, accessing equity in their home, consolidating debt, potentially struggling with credit."",
    ""business opportunities"": ""None explicitly stated, but the email aims to offer loan services."",
    ""health concerns"": ""none"",
    ""industry"": ""Real Estate, Finance"",
    ""experience level"": ""Likely homeowners with varying credit histories – some may be first-time buyers, others may be looking to refinance or consolidate debt."",
    ""target_audience"": ""Homeowners, particularly those potentially facing financial difficulties or seeking to leverage their home equity.""
  }
}
```"
894,"```json
{
  ""name"": ""unknown"",
  ""job_title"": ""unknown"",
  ""company"": ""unknown"",
  ""attributes"": {
    ""interests"": ""Smoking, tobacco products"",
    ""financial motivations"": ""Seeking affordable tobacco products, cost-conscious"",
    ""business opportunities"": ""None"",
    ""health concerns"": ""Potentially unaware or dismissive of health risks associated with smoking"",
    ""industry"": ""Tobacco industry (recipient)"",
    ""experience level"": ""Likely a regular smoker""
  }
}
```"
872,"```json
{
  ""name"": ""unknown"",
  ""job_title"": ""unknown"",
  ""company"": ""China Enterprise Management Co., Ltd. (CMC)"",
  ""attributes"": {
    ""industry"": ""International Trade/Consulting, specifically related to China market entry"",
    ""interests"": ""Expanding business into China, navigating Chinese regulations, quality standards, and import/export procedures"",
    ""financial motivations"": ""Seeking to reduce the time and cost of entering the Chinese market, potentially looking for efficiency gains and minimizing regulatory hurdles"",
    ""business opportunities"": ""Accessing the Chinese market, complying with Chinese standards and regulations, streamlining market entry processes"",
    ""experience level"": ""Likely has some experience with international business or trade, but may not have deep expertise in Chinese regulations."",
    ""geographic focus"": ""China""
  }
}
```"
868,"```json
{
  ""name"": ""unknown"",
  ""job_title"": ""unknown"",
  ""company"": ""unknown"",
  ""attributes"": {
    ""interests"": ""Marketing, advertising, lead generation"",
    ""financial motivations"": ""Cost-effective advertising, maximizing reach"",
    ""business opportunities"": ""Selling email lists, targeted marketing solutions"",
    ""health concerns"": ""none"",
    ""industry"": ""Marketing, Advertising, Sales"",
    ""experience level"": ""likely has some experience in marketing or sales, needs leads"",
    ""targeting signals"": ""Individuals or businesses seeking to expand their marketing reach, potentially small businesses or marketing agencies, those interested in lead generation""
  }
}
```"
854,"```json
{
  ""name"": ""unknown"",
  ""job_title"": ""unknown"",
  ""company"": ""unknown"",
  ""attributes"": {
    ""interests"": ""Mortgages, homeownership, financial savings"",
    ""financial motivations"": ""Seeking lower mortgage rates, reducing monthly payments, maximizing savings"",
    ""business opportunities"": ""None explicitly stated, but potentially related to real estate or mortgage brokering"",
    ""health concerns"": ""none"",
    ""industry"": ""Real Estate, Finance"",
    ""experience level"": ""likely homeowners or those considering buying a home""
  }
}
```"
926,"```json
{
  ""name"": ""unknown"",
  ""job_title"": ""unknown"",
  ""company"": ""unknown"",
  ""attributes"": {
    ""interests"": ""Investing, currency markets, global economics"",
    ""financial motivations"": ""Seeking high returns on investment, leveraging capital, profit potential"",
    ""business opportunities"": ""Potential to profit from currency fluctuations"",
    ""health concerns"": ""N/A"",
    ""industry"": ""Finance, Investment"",
    ""experience level"": ""Intermediate to Advanced (assumes some risk capital)"",
    ""inferred_targeting_signals"": ""Individuals interested in investment opportunities, particularly those involving currency markets and potentially leveraging small amounts of capital for significant returns. The email uses persuasive language and promises high returns, appealing to those seeking financial gains.""
  }
}
```"
927,"```json
{
  ""name"": ""unknown"",
  ""job_title"": ""unknown"",
  ""company"": ""EIN Media"",
  ""attributes"": {
    ""interests"": ""News, current events, financial markets, international news"",
    ""financial motivations"": ""Seeking cost-effective access to news content and data."",
    ""business opportunities"": ""Potential for increased readership and revenue through news distribution."",
    ""industry"": ""Media, journalism, news distribution"",
    ""experience level"": ""likely experienced in media or journalism, capable of managing subscriptions and distributing content"",
    ""geographic focus"": ""Interested in news related to Iraq and potentially other international markets.""
  }
}
```"
881,"```json
{
  ""name"": ""unknown"",
  ""job_title"": ""unknown"",
  ""company"": ""unknown"",
  ""attributes"": {
    ""interests"": ""Automotive maintenance, vehicle protection, cost savings"",
    ""financial motivations"": ""Seeking to reduce potential repair costs, value for money"",
    ""business opportunities"": ""None (likely a consumer-focused offer)"",
    ""health concerns"": ""none"",
    ""industry"": ""Automotive (vehicle owners)"",
    ""experience level"": ""Varies - likely owns a vehicle (car, minivan, truck, or SUV)"",
    ""inferred_targeting_signals"": ""Individuals who own vehicles, particularly older ones, and are concerned about potential repair costs.  The email leverages urgency and a 'free' service to encourage immediate action.""
  }
}
```"
905,"```json
{
  ""name"": ""unknown"",
  ""job_title"": ""unknown"",
  ""company"": ""unknown"",
  ""attributes"": {
    ""interests"": ""tobacco, Linux"",
    ""financial motivations"": ""seeking cheaper tobacco products, cost-conscious"",
    ""business opportunities"": ""none"",
    ""health concerns"": ""none (implied, as the email promotes tobacco sales)"",
    ""industry"": ""technology (Linux Users' Group), potentially retail (tobacco sales)"",
    ""experience level"": ""likely has some familiarity with Linux and online communication""
  }
}
```"
876,"```json
{
  ""name"": ""unknown"",
  ""job_title"": ""unknown"",
  ""company"": ""unknown"",
  ""attributes"": {
    ""interests"": ""Homeownership, debt reduction, financial assistance, mortgage loans"",
    ""financial motivations"": ""Seeking lower interest rates, consolidating debt, obtaining additional cash"",
    ""business opportunities"": ""None (this is a marketing email)"",
    ""health concerns"": ""none"",
    ""industry"": ""Real Estate, Finance"",
    ""experience level"": ""likely novice or distressed borrowers - the email emphasizes loans others reject and caters to those with 'bad credit'"",
    ""targeting signals"": ""Individuals with potential debt, struggling with credit, or seeking home loans. Specifically targeting U.S. homeowners.""
  }
}
```"
919,"```json
{
  ""name"": ""unknown"",
  ""job_title"": ""unknown"",
  ""company"": ""unknown"",
  ""attributes"": {
    ""interests"": ""Starting a business, funding education (specifically college)"",
    ""financial motivations"": ""Seeking funding for business ventures or college expenses, avoiding debt"",
    ""business opportunities"": ""Interested in grant and scholarship programs"",
    ""health concerns"": ""none"",
    ""industry"": ""potentially diverse - broad appeal to anyone considering business or education funding"",
    ""experience level"": ""likely beginner to intermediate - the email suggests they may be new to business or funding options""
  }
}
```"
890,"```json
{
  ""name"": ""unknown"",
  ""job_title"": ""unknown"",
  ""company"": ""unknown"",
  ""attributes"": {
    ""interests"": ""Automotive maintenance, vehicle protection, financial security"",
    ""financial motivations"": ""Concerned about unexpected car repair costs, seeking cost savings, value extended warranties as a preventative measure"",
    ""business opportunities"": ""None explicitly stated, but potentially interested in vehicle sales/service"",
    ""health concerns"": ""None explicitly stated, but implicitly concerned about financial strain from vehicle repairs"",
    ""industry"": ""Automotive (vehicle owners/users)"",
    ""experience level"": ""Likely owns a vehicle (car, truck, or SUV) with potentially over 15,000 miles"",
    ""inferred_targeting_signals"": ""Individuals who own vehicles and are concerned about potential repair costs, likely value convenience and peace of mind.""
  }
}
```"
946,"```json
{
  ""name"": ""unknown"",
  ""job_title"": ""unknown"",
  ""company"": ""unknown"",
  ""attributes"": {
    ""industry"": ""Office Supplies & Printing"",
    ""interests"": ""Cost reduction, printer supplies, competitive pricing"",
    ""financial motivations"": ""Seeking lower costs for printer supplies"",
    ""experience level"": ""likely has experience using printers and managing office supplies"",
    ""inferred targeting signals"": ""Targeting businesses or individuals who purchase printer supplies regularly and are price-sensitive.""
  }
}
```"
935,"```json
{
  ""name"": ""unknown"",
  ""job_title"": ""unknown"",
  ""company"": ""unknown"",
  ""attributes"": {
    ""interests"": ""credit repair, loans (cars, boats, houses)"",
    ""financial motivations"": ""desire to improve credit score, obtain loans"",
    ""business opportunities"": ""potential for easy credit repair"",
    ""health concerns"": ""none"",
    ""industry"": ""finance, lending"",
    ""experience level"": ""likely limited financial knowledge or experience with credit repair"",
    ""inferred targeting signals"": ""Individuals with poor credit seeking solutions for loan approval, likely feeling frustrated and potentially desperate.""
  }
}
```"
878,"```json
{
  ""name"": ""unknown"",
  ""job_title"": ""unknown"",
  ""company"": ""unknown"",
  ""attributes"": {
    ""interests"": ""Making money, passive income, mentorship, sales, communication skills"",
    ""financial motivations"": ""High income, earning potential, wealth generation"",
    ""business opportunities"": ""Part-time income generation, potential for high earnings"",
    ""health concerns"": ""none"",
    ""industry"": ""Sales, potentially business coaching or network marketing (implied)"",
    ""experience level"": ""Seeking individuals with existing people skills or a strong desire to develop them; potentially looking for motivated beginners."",
    ""targeting signals"": ""Motivated by money, possesses or desires strong communication skills, interested in earning potential, open to training and mentorship, potentially looking for a quick income solution.""
  }
}
```"
916,"```json
{
  ""name"": ""unknown"",
  ""job_title"": ""job seeker"",
  ""company"": ""unknown"",
  ""attributes"": {
    ""interests"": ""career advancement, job searching, resume building"",
    ""financial motivations"": ""seeking employment, potentially higher salary"",
    ""business opportunities"": ""access to job leads, recruiter connections"",
    ""health concerns"": ""none"",
    ""industry"": ""various (target audience is broad)"",
    ""experience level"": ""likely entry-level to mid-career, considering the resources offered""
  }
}
```"
915,"```json
{
  ""name"": ""unknown"",
  ""job_title"": ""unknown"",
  ""company"": ""unknown"",
  ""attributes"": {
    ""interests"": ""Smoking, tobacco products"",
    ""financial motivations"": ""Seeking affordable cigarettes and tobacco, cost-conscious"",
    ""business opportunities"": ""None (this is a marketing email)"",
    ""health concerns"": ""Potentially aware of health risks associated with smoking, but prioritizing price"",
    ""industry"": ""None (this is a marketing email)"",
    ""experience level"": ""likely a smoker""
  }
}
```"
884,"```json
{
  ""name"": ""unknown"",
  ""job_title"": ""unknown"",
  ""company"": ""unknown"",
  ""attributes"": {
    ""interests"": ""Art market, art collecting, website content creation, affiliate marketing"",
    ""financial motivations"": ""Generating additional revenue, increasing website traffic, earning commissions"",
    ""business opportunities"": ""Affiliate marketing program, driving traffic to Artprice.com"",
    ""industry"": ""Website owners, bloggers, online publishers, art enthusiasts"",
    ""experience level"": ""likely has some experience managing a website and generating traffic"",
    ""technical skills"": ""Basic website management skills, familiarity with online marketing concepts""
  }
}
```"
877,"```json
{
  ""name"": ""unknown"",
  ""job_title"": ""unknown"",
  ""company"": ""unknown"",
  ""attributes"": {
    ""interests"": ""Investing, currency trading, commodities trading, stock trading"",
    ""financial motivations"": ""Seeking high returns on investment, potentially unaware of risks"",
    ""business opportunities"": ""Potentially interested in leveraging the new Euro Dollar for financial gain"",
    ""health concerns"": ""none"",
    ""industry"": ""Finance, Investment"",
    ""experience level"": ""beginner to intermediate - implied by the offer of trading software and advice"",
    ""risk tolerance"": ""high - indicated by the $5,000 minimum investment and encouragement to use 'risk capital'""
  }
}
```"
1223,"```json
{
  ""name"": ""unknown"",
  ""job_title"": ""IT Support / Technician"",
  ""company"": ""unknown"",
  ""attributes"": {
    ""interests"": ""Linux, troubleshooting, hardware recovery"",
    ""financial motivations"": ""Limited budget, seeking cost-effective solutions"",
    ""business opportunities"": ""None explicitly stated, likely focused on resolving an existing technical issue"",
    ""health concerns"": ""none"",
    ""industry"": ""IT Support, potentially non-profit or small organization given resource constraints"",
    ""experience level"": ""Limited technical experience, indicated by request for help with HDD passwords"",
    ""technical skills"": ""Basic understanding of computers and Linux, needs assistance with password recovery""
  }
}
```"
1268,"```json
{
  ""name"": ""unknown"",
  ""job_title"": ""Linux Administrator / System Engineer"",
  ""company"": ""unknown"",
  ""attributes"": {
    ""interests"": ""Linux networking, VPN implementation, security"",
    ""financial motivations"": ""Cost-effectiveness, minimizing hardware costs"",
    ""business opportunities"": ""Implementing secure network connectivity between multiple sites"",
    ""health concerns"": ""none"",
    ""industry"": ""IT, Information Technology, Telecommunications"",
    ""experience level"": ""Intermediate - Familiar with Linux and networking concepts, seeking practical advice on implementation.""
  }
}
```"
1228,"```json
{
  ""name"": ""unknown"",
  ""job_title"": ""Linux User / System Administrator"",
  ""company"": ""unknown"",
  ""attributes"": {
    ""interests"": [
      ""Linux"",
      ""Debian"",
      ""Networking"",
      ""Dial-up connections"",
      ""ISDN""
    ],
    ""financial motivations"": ""none"",
    ""business opportunities"": ""none"",
    ""health concerns"": ""none"",
    ""industry"": ""IT/Technology"",
    ""experience level"": ""intermediate - comfortable with command line troubleshooting and network configuration""
  }
}
```"
1226,"```json
{
  ""name"": ""unknown"",
  ""job_title"": ""unknown"",
  ""company"": ""unknown"",
  ""attributes"": {
    ""interests"": ""Gaming (specifically Quake 3), Linux system administration, troubleshooting technical issues."",
    ""technical_skills"": ""Familiar with Linux operating system, basic understanding of graphics drivers (sis630), experience with troubleshooting software issues."",
    ""experience_level"": ""Intermediate - Comfortable with basic Linux commands and troubleshooting but seeking guidance on a specific technical problem."",
    ""financial_motivations"": ""None explicitly stated, focused on resolving a technical issue."",
    ""industry"": ""Technology (Linux users, gaming)"",
    ""health_concerns"": ""None""
  }
}
```"
1181,"```json
{
  ""name"": ""unknown"",
  ""job_title"": ""Linux System Administrator / Developer"",
  ""company"": ""unknown"",
  ""attributes"": {
    ""interests"": [
      ""Linux system administration"",
      ""SpamAssassin"",
      ""Razor (security tool)"",
      ""Software development (CPAN)"",
      ""Networking/Email""
    ],
    ""financial motivations"": ""Potentially seeking a free cell phone (based on the sponsored link)."",
    ""business opportunities"": ""None explicitly stated, but potentially interested in optimizing email security."",
    ""health concerns"": ""none"",
    ""industry"": ""Information Technology / Cybersecurity"",
    ""experience level"": ""Intermediate - Familiar with Linux, CPAN, and SpamAssassin.""
  }
}
```"
1214,"```json
{
  ""name"": ""unknown"",
  ""job_title"": ""unknown"",
  ""company"": ""unknown"",
  ""attributes"": {
    ""interests"": ""Linux, Open Source Software, Software Installation, Troubleshooting"",
    ""financial motivations"": ""None (likely using free software)"",
    ""business opportunities"": ""None"",
    ""health concerns"": ""None"",
    ""industry"": ""Technology (Linux User)"",
    ""experience level"": ""Intermediate (familiar with RedHat 7.3 and glibc 2.2.5)"",
    ""technical skills"": ""Comfortable with command-line interfaces, operating system troubleshooting, and software installation""
  }
}
```"
1291,"```json
{
  ""name"": ""unknown"",
  ""job_title"": ""System Administrator / Network Administrator"",
  ""company"": ""Universit de Nantes (Irin / Facult de Sciences)"",
  ""attributes"": {
    ""interests"": ""Mozilla Firefox, Razor (HTML editor), email spam filtering"",
    ""industry"": ""Information Technology, Higher Education"",
    ""experience level"": ""Mid-level (administrator role)"",
    ""technical skills"": ""Understanding of email servers, Mozilla plugins, spam filtering techniques""
  }
}
```"
1218,"```json
{
  ""name"": ""unknown"",
  ""job_title"": ""unknown"",
  ""company"": ""company"",
  ""attributes"": {
    ""interests"": [""Linux"", ""Mutt"", ""Email management""],
    ""financial motivations"": ""unknown"",
    ""business opportunities"": ""unknown"",
    ""health concerns"": ""unknown"",
    ""industry"": ""Technology (Linux)"",
    ""experience level"": ""intermediate (familiar with email clients and configuration)""
  }
}
```"
1232,"```json
{
  ""name"": ""unknown"",
  ""job_title"": ""System Administrator / SysAdmin"",
  ""company"": ""unknown"",
  ""attributes"": {
    ""interests"": [
      ""SpamAssassin"",
      ""Razor2"",
      ""Perl"",
      ""Solaris"",
      ""Linux (implied by Perl environment)""
    ],
    ""financial motivations"": ""unknown"",
    ""business opportunities"": ""unknown"",
    ""health concerns"": ""unknown"",
    ""industry"": ""IT / System Administration"",
    ""experience level"": ""intermediate - capable of diagnosing and troubleshooting system issues, but needs help with a specific tool.""
  }
}
```"
1260,"```json
{
  ""name"": ""unknown"",
  ""job_title"": ""Spamassassin Developer / System Administrator"",
  ""company"": ""unknown"",
  ""attributes"": {
    ""interests"": [
      ""Spam filtering"",
      ""Email security"",
      ""Rule creation and modification"",
      ""Network security""
    ],
    ""financial motivations"": ""Potentially interested in reducing spam (FPs) to improve user experience, though the free phone offer is a red flag."",
    ""business opportunities"": ""None explicitly stated, but could be interested in optimizing spam filtering rules."",
    ""health concerns"": ""None"",
    ""industry"": ""Information Technology (specifically email security and network administration)"",
    ""experience level"": ""Intermediate to Advanced - Demonstrates understanding of regular expressions and spam filtering concepts.""
  }
}
```"
1162,"```json
{
  ""name"": ""unknown"",
  ""job_title"": ""System Administrator / Mail Server Engineer"",
  ""company"": ""unknown"",
  ""attributes"": {
    ""interests"": [
      ""Mail filtering"",
      ""Spam detection"",
      ""Command-line tools (sendmail, procmail, razor-check)"",
      ""Software testing""
    ],
    ""financial motivations"": ""unknown"",
    ""business opportunities"": ""unknown"",
    ""health concerns"": ""unknown"",
    ""industry"": ""Information Technology (specifically, mail server administration)"",
    ""experience level"": ""Intermediate - Comfortable with command-line tools and mail flow troubleshooting.""
  }
}
```"
1186,"```json
{
  ""name"": ""unknown"",
  ""job_title"": ""engineer/researcher"",
  ""company"": ""unknown"",
  ""attributes"": {
    ""interests"": [
      ""hacks"",
      ""error-correcting codes"",
      ""CD-RW drives"",
      ""laser printing"",
      ""Reed-Solomon codes""
    ],
    ""financial motivations"": ""likely driven by intellectual curiosity and experimentation, not financial gain"",
    ""business opportunities"": ""potentially related to data storage and retrieval, digital art"",
    ""health concerns"": ""none explicitly mentioned"",
    ""industry"": ""technology, computer science, possibly engineering"",
    ""experience level"": ""intermediate to advanced - demonstrates knowledge of complex concepts and historical analogies""
  }
}
```"
1169,"```json
{
  ""name"": ""unknown"",
  ""job_title"": ""System Administrator / Developer"",
  ""company"": ""unknown"",
  ""attributes"": {
    ""interests"": [
      ""email filtering"",
      ""spam control"",
      ""scripting"",
      ""email client configuration (exmh)"",
      ""Linux mailing lists""
    ],
    ""financial motivations"": ""None explicitly stated, but likely seeking efficiency and automation to reduce manual effort."",
    ""business opportunities"": ""None explicitly stated, but potentially automating email management for a large number of mailing lists."",
    ""health concerns"": ""unknown"",
    ""industry"": ""IT / Linux / Email Management"",
    ""experience level"": ""Intermediate - Demonstrates familiarity with exmh, plus addressing, and component files."",
    ""technical skills"": [
      ""Shell scripting"",
      ""Email client configuration"",
      ""Understanding of email components (repl, comp, replgroupcomps)""
    ]
  }
}
```"
1206,"```json
{
  ""name"": ""unknown"",
  ""job_title"": ""System Administrator / Network Engineer"",
  ""company"": ""unknown"",
  ""attributes"": {
    ""interests"": [
      ""Spam Filtering"",
      ""Mail Servers"",
      ""Security"",
      ""Linux (implied by Qmail)""
    ],
    ""financial motivations"": ""unknown"",
    ""business opportunities"": ""unknown"",
    ""health concerns"": ""unknown"",
    ""industry"": ""IT / Technology"",
    ""experience level"": ""Intermediate - Advanced (comfortable with Qmail and SA)"",
    ""technical skills"": [
      ""Qmail configuration"",
      ""SpamAssassin configuration"",
      ""Maildir format"",
      ""Network Relay""
    ]
  }
}
```"
1219,"```json
{
  ""name"": ""unknown"",
  ""job_title"": ""unknown"",
  ""company"": ""unknown"",
  ""attributes"": {
    ""interests"": [
      ""Linux"",
      ""Open Source Software"",
      ""Technology News""
    ],
    ""financial motivations"": ""Cost savings, reducing software licensing costs"",
    ""business opportunities"": ""Potential for using open source software in government and organizations"",
    ""health concerns"": ""none"",
    ""industry"": ""Technology, Government, IT"",
    ""experience level"": ""Intermediate to Advanced (familiar with Linux and open source)"",
    ""likely_role"": ""Linux user, IT professional, potentially involved in government or public sector IT""
  }
}
```"
1205,"```json
{
  ""name"": ""unknown"",
  ""job_title"": ""unknown"",
  ""company"": ""unknown"",
  ""attributes"": {
    ""interests"": [
      ""BDSM lifestyle"",
      ""Online communities"",
      ""Alternative communication platforms""
    ],
    ""financial motivations"": ""unknown"",
    ""business opportunities"": ""unknown"",
    ""health concerns"": ""unknown"",
    ""industry"": ""online communities, internet technology (implied)"",
    ""experience level"": ""intermediate (comfortable setting up and managing mail lists)"",
    ""tech_savviness"": ""high (familiar with Yahoo Groups features and seeking alternatives)""
  }
}
```"
1282,"```json
{
  ""name"": ""unknown"",
  ""job_title"": ""unknown"",
  ""company"": ""unknown"",
  ""attributes"": {
    ""interests"": ""Software development, email filtering, Razor (a text processing tool)"",
    ""financial motivations"": ""unknown"",
    ""business opportunities"": ""unknown"",
    ""health concerns"": ""unknown"",
    ""industry"": ""Software Development, potentially System Administration or DevOps"",
    ""experience level"": ""Intermediate - likely has some familiarity with email clients and spam filters""
  }
}
```"
1179,"```json
{
  ""name"": ""unknown"",
  ""job_title"": ""Linux Enthusiast / System Builder"",
  ""company"": ""unknown"",
  ""attributes"": {
    ""interests"": [
      ""Linux"",
      ""PentiumMMX"",
      ""Kernel Optimization"",
      ""X Window System"",
      ""KDE"",
      ""Retro Computing"",
      ""Hardware Modification""
    ],
    ""financial motivations"": ""Seeking affordable hardware upgrades (specifically a Pentium III processor)"",
    ""business opportunities"": ""None explicitly stated, but involved in self-driven system optimization projects."",
    ""health concerns"": ""unknown"",
    ""industry"": ""Software Development / Linux Administration"",
    ""experience level"": ""Intermediate - Comfortable building and optimizing Linux systems from source, and familiar with kernel and graphics driver modifications."",
    ""technical skills"": [
      ""Linux Kernel Compilation"",
      ""X Window System Compilation"",
      ""KDE Compilation"",
      ""Source Code Building"",
      ""Hardware Modification""
    ]
  }
}
```"
1277,"```json
{
  ""name"": ""unknown"",
  ""job_title"": ""unknown"",
  ""company"": ""unknown"",
  ""attributes"": {
    ""interests"": ""Online gaming, technology, psychology, social trends, addiction treatment"",
    ""financial motivations"": ""unknown"",
    ""business opportunities"": ""unknown"",
    ""health concerns"": ""Internet game addiction, social isolation, potential for violence"",
    ""industry"": ""Technology, Psychology, Healthcare (addiction treatment)"",
    ""experience level"": ""likely has some familiarity with technology and/or psychology - reading about addiction treatment suggests some awareness of these issues""
  }
}
```"
1176,"```json
{
  ""name"": ""unknown"",
  ""job_title"": ""unknown"",
  ""company"": ""unknown"",
  ""attributes"": {
    ""interests"": ""electronics, hardware repair, Linux"",
    ""financial motivations"": ""likely none - seeking assistance, not a commercial transaction"",
    ""business opportunities"": ""none"",
    ""health concerns"": ""none"",
    ""industry"": ""electronics, technology (Linux users)"",
    ""experience level"": ""intermediate - comfortable with hardware and tools, needs assistance with a specific problem""
  }
}
```"
